links,publication,price,domain authority,tat,genre,article_type,country/region
https://www.entertainmentpaper.com/,Entertainment Paper,$150,5,1 Week,Entertainment  / Movies & TV / Lifestyle / Music / Business,Organic Placement,Global
https://www.entertainmentpaper.com/,All news Buzz ,$150,14,1 Week,News / Business / Entertainment / Sports / Tech / Health / Science,Organic Placement,Global
https://www.entertainmentpaper.com/,Big Time Daily ,$150,55,1 Week,News / Business / Entertainment / Sports / Tech / Health / Science / Lifestyle,Organic Placement,Global
https://www.entertainmentpaper.com/,Open The News,$150,53,1 Week,News /  / Business /  / Lifestyle / Sports / Magazine,Organic Placement,Global
https://www.entertainmentpaper.com/,Maxed HipHop,$150,6,1 Week,Music / Magazine / Lifestyle,Organic Placement,Global
https://www.entertainmentpaper.com/,Prove,$150,8,1 Week,Music / News / Entertainment ,Organic Placement,Global
https://www.entertainmentpaper.com/,Resident Weekly,$150,63,1 Week,News / Business / Tech / Health / Sports / Entertainment,Organic Placement,Global
https://www.entertainmentpaper.com/,Stats Globe,$150,64,1 Week,News / Business / Lifestyle / Entertainment / Health / Sports / Tech,Organic Placement,Global
https://www.entertainmentpaper.com/,1stDayFresh,$150,12,1 Week,Music / News / Magazines ,Organic Placement,Global
https://www.entertainmentpaper.com/,Tricity Daily ,$150,36,1 Week,News / Business /   / Tech,Organic Placement,Global
https://www.entertainmentpaper.com/,Business Deccan ,$150,53,1 Week,Business / Real Estate / Stock Market / Enterpreneurs / Economy  / E-Commerce ,Organic Placement,Global
https://www.entertainmentpaper.com/,Sportsz Weekly,$150,14,1 Week,Sports / Entertainment,Organic Placement,Global
https://www.entertainmentpaper.com/,Tech News Vision,$150,25,1 Week,Tech / Science / Lifestyle / Entertainment / Sports,Organic Placement,Global
https://www.entertainmentpaper.com/,Verna Magazine,$150,55,1 Week,Entertainment / Fashion / Lifestyle /  / News / Magazine / Science,Organic Placement,Global
https://www.entertainmentpaper.com/,Globe Stats,$150,65,1 Week,News / Sports / Health / Travle / Lifestyle / Entertainment / Business / Tech ,Organic Placement,Global
https://www.entertainmentpaper.com/,Insta Bulletin,$150,51,1 Week,News / Business / Health / Science / Tech,Organic Placement,Global
https://www.entertainmentpaper.com/,Seekers Time,$150,52,1 Week,News /  / Business  / Entertainment / Health / ,Organic Placement,Global
https://www.entertainmentpaper.com/,24 Hip Hop,$150,27,1 Week,Music / Sports ,Organic Placement,Global
https://www.entertainmentpaper.com/,TheWrapUp Magazine,$150,27,1 Week,Music / Magazine,Organic Placement,Global
https://www.entertainmentpaper.com/,One World Herald,$150,53,1 Week,News / Business / Entertainment / Health / Science / Tech/ Lifestyle ,Organic Placement,Global
https://www.entertainmentpaper.com/,Rebuttal Mag,$150,48,1 Week,Music / Entertainment / Business ,Organic Placement,Global
https://www.entertainmentpaper.com/,Kazi Magazine,$150,52,1 Week,Music,Organic Placement,Global
https://www.entertainmentpaper.com/,Influencive ,$150,53,2 Weeks,Business / Crypto / Tech,Organic Placement,Global
https://www.entertainmentpaper.com/,Inscriber Mag ,$150,54,1 Week,News / Sports / Entertaiment / Lifestyle / Tech,Organic Placement,Global
https://www.entertainmentpaper.com/,Net News Ledger,$150,55,1 Week,News / Sports /  / Business,Organic Placement,Global
https://www.entertainmentpaper.com/,Vents Mag,$150,63,1 Week,Entertainment / Music ,Organic Placement,Global
https://www.entertainmentpaper.com/,The Internet Stories,$150,56,1 Week,Tech / Science / Business / Health,Organic Placement,Global
https://www.entertainmentpaper.com/,The Internet Things,$150,56,1 Week,Tech / Business / Health / Science ,Organic Placement,Global
https://www.entertainmentpaper.com/,Hip Hop Since 1987,$150,61,1 Week,Music / News ,Organic Placement,Global
https://www.entertainmentpaper.com/,Tech Bullion,$150,62,1 Week,News / Tech,Organic Placement,Global
https://www.entertainmentpaper.com/,Fab World Today,$150,50,1 Week,News / Business / Entertainment / Movie & TV / Sports / Tech / Health / Science / Lifestyle / Travel / Fashion,Organic Placement,Global 
https://www.entertainmentpaper.com/,Broad Cast Cover,$150,21,1 Week,News / Business / Entertainment / Sports / Tech / Health / Lifestyle,Organic Placement,Global 
https://www.entertainmentpaper.com/,Coverage Log,$150,59,1 Week,News / Business / Health / Music / Fashion,Organic Placement,Global 
https://www.entertainmentpaper.com/,Data Source Hub,$150,11,1 Week,Business / Lifestyle / Travel,Organic Placement,Global 
https://www.entertainmentpaper.com/,Gen Z Hiphop,$150,15,1 Week,Music / Fashion / Lifestyle,Organic Placement,Global 
https://www.entertainmentpaper.com/,Giz Tech Media ,$150,59,1 Week,Tech / Business / Science / Health,Organic Placement,Global 
https://www.entertainmentpaper.com/,Cali Post,$150,57,1 Week,Music / Entertainment / Business / Lifestyle,Organic Placement,Global 
https://www.entertainmentpaper.com/,Cinetalkers,$150,46,1 Week,Movies & TV / Lifestyle,Organic Placement,India
https://www.entertainmentpaper.com/,APNNews ,$150,53,1 Week,News / Business / Entertainment / Sports / Tech / Health ,Organic Placement,India
https://www.entertainmentpaper.com/,North India Daily ,$150,30,1 Week,News / Business / Health / Entertainment / Science / Tech / Sports ,Organic Placement,India
https://www.entertainmentpaper.com/,Nagpur Oranges,$150,60,1 Week,News / Entertainment / Business /  / Sports / Tech / Lifestyle / Fashion  / Health ,Organic Placement,India
https://www.entertainmentpaper.com/,ThePrimeTime ,$150,28,1 Week,News / Health / Travel /  / Sports / Film News,Organic Placement,India
https://www.entertainmentpaper.com/,Newstrack,$150,34,1 Week,News / Entertainment / Sports  / Lifestyle,Organic Placement,India
https://www.entertainmentpaper.com/,NewsLiveTV,$150,41,1 Week,News / Business / Sports / Entertainment / Lifestyle / Music  / Health / Tech,Organic Placement,India
https://www.entertainmentpaper.com/,Inventiva ,$150,64,1 Week,Business / News,Organic Placement,India
https://www.entertainmentpaper.com/,Newsheads,$150,44,1 Week,News / Sports / Entertainment / Business / Lifestyle / Tech / Science,Organic Placement,India
https://www.entertainmentpaper.com/,TheUBJ,$150,63,1 Week,News / Business / Sports ,Organic Placement,India
https://www.entertainmentpaper.com/,UNI India ,$150,64,1 Week,News / Business / Sports / Entertainment,Organic Placement,India
https://www.entertainmentpaper.com/,The Pioneer,$150,80,1 Week,News / Business / Sports ,Organic Placement,India
https://www.entertainmentpaper.com/,National Daily,$150,39,1 Week,News / Business / Sports ,Organic Placement,Nigeria
https://www.entertainmentpaper.com/,Daily Trust,$150,59,1 Week,News / Business / Entertainment / Sports,Organic Placement,Nigeria
https://www.entertainmentpaper.com/,New Telegraph,$150,60,1 Week,News / Business /  / Sports / Magazine,Organic Placement,Nigeria
https://www.entertainmentpaper.com/,Leadership,$150,73,1 Week,News /  / Business / Sports / Health / Entertainment,Organic Placement,Nigeria
https://www.entertainmentpaper.com/,The Sun,$150,78,1 Week,News / Business /  / Entertainment / TV,Organic Placement,Nigeria
https://www.entertainmentpaper.com/,The Nation,$150,83,1 Week,News / News / Entertainment / Business / Sports,Organic Placement,Nigeria
https://www.entertainmentpaper.com/,This Day,$150,83,1 Week,News / Business / Health  / Lifesytle / Sports ,Organic Placement,Nigeria
https://www.entertainmentpaper.com/,Vanguard,$150,86,1 Week,News / Business / Sports ,Organic Placement,Nigeria
https://www.entertainmentpaper.com/,America Daily Post ,$150,23,1 Week,News / Business / Entertainment / Sports / Tech / Health / Science / Lifestyle,Organic Placement,US
https://www.entertainmentpaper.com/,US Times Now,$150,49,1 Week,Entertainment / Health / Lifestyle / Sports / Science / Tech / Magazine ,Organic Placement,US
https://www.entertainmentpaper.com/,The American Reporter ,$150,56,1 Week,News / Science / Business / Health  / Lifestyle / Entertainment / Sports / Tech,Organic Placement,US
https://www.entertainmentpaper.com/,Chicago Weekly News,$150,55,1 Week,News / Business,Organic Placement,US
https://www.entertainmentpaper.com/,The New York Guardian ,$150,9,1 Week,News / Business / Entertainment,Organic Placement,US 
https://www.entertainmentpaper.com/,Hood Critic,$160,10,1 Week,Music / Magazine,Organic Placement,Global
https://www.entertainmentpaper.com/,Disrupt Magazine ,$160,40,1 Week,Lifestlye / Business / Health / Music / Entertainment / Real State / ,Organic Placement,Global
https://www.entertainmentpaper.com/,Self Growth,$160,60,1 Week,Health,Organic Placement,Global
https://www.entertainmentpaper.com/,Vents Magazine,$160,63,1 Week,Lifestlye / Music / Entertainment ,Organic Placement,Global
https://www.entertainmentpaper.com/,Film Daily,$160,64,1 Week,Lifestlye / News / Movies & TV ,Organic Placement,Global
https://www.entertainmentpaper.com/,Medium ,$160,95,1 Week,New,Organic Placement,Global
https://www.entertainmentpaper.com/,Unothrodox Reviews,$160,26,1 Week,Music / News / ,Organic Placement,West Africa
https://www.entertainmentpaper.com/,London Daily Post ,$162,54,1 Week,News / Health / Business / Science / Tech / Entertainment / Lifestyle / Travel,Organic Placement,UK
https://www.entertainmentpaper.com/,Spectator Online,$180,13,1 Week,News / Entertainment,Organic Placement,Ghana
https://www.entertainmentpaper.com/,Businessday Ghana,$180,36,1 Week,Business / News / Tech,Organic Placement,Ghana
https://www.entertainmentpaper.com/,Star Fm Online,$180,38,1 Week,News / Business /   / Entertainment / Tech / Sports ,Organic Placement,Ghana
https://www.entertainmentpaper.com/,Ghanaian Times,$180,51,1 Week,News / Business / Sports  / Lifestyle ,Organic Placement,Ghana
https://www.entertainmentpaper.com/,Peace Fm Online,$180,74,1 Week,News / Sports / Business,Organic Placement,Ghana
https://www.entertainmentpaper.com/,News Ghana,$180,77,1 Week,News / Sports / Business / Entertainment / Health,Organic Placement,Ghana
https://www.entertainmentpaper.com/,Pulse Ghana,$180,81,1 Week,News / Entertainment / Lifesytle / Sports / Business ,Organic Placement,Ghana
https://www.entertainmentpaper.com/,Trotons,$180,55,1 Week,Tech / Business / Science / Health ,Organic Placement,Global
https://www.entertainmentpaper.com/,Business2News,$180,56,1 Week,Business / News / Tech / Health  / Sports / Entertainment,Organic Placement,Global
https://www.entertainmentpaper.com/,Gizmos Report ,$180,58,1 Week,Tech / Business / Science / Health,Organic Placement,Global
https://www.entertainmentpaper.com/,Digital Lifestyle Magazine,$180,61,1 Week,Tech / Business / Tech / Entertainment / Lifestyle,Organic Placement,Global
https://www.entertainmentpaper.com/,The Frisky,$180,83,1 Week,News / Health / Lifesytle / Entertainment ,Organic Placement,Global
https://www.entertainmentpaper.com/,Mynation,$180,41,1 Week,News / Sports / Lifestyle / Entertainment ,Organic Placement,India
https://www.entertainmentpaper.com/,Chaves Digital,$180,20,1 Week,News / Health ,Organic with small disclaimer,Spain
https://www.entertainmentpaper.com/,Rio Colorado Informia,$180,21,1 Week,News,Organic with small disclaimer,Spain
https://www.entertainmentpaper.com/,Dechivilcoy,$180,34,1 Week,News,Organic with small disclaimer,Spain
https://www.entertainmentpaper.com/,Baltimore Post Examiner,$180,60,1 Week,News,Sponsored article,US
https://www.entertainmentpaper.com/,The Tech Headlines,$198,55,1 Week,Tech / Business / Science / Tech / Entertainment,Organic Placement,Global
https://www.entertainmentpaper.com/,Huff Mag,$200,62,1 Week,News / Business / Tech / Sports / Lifestyle,Organic Placement,Global
https://www.entertainmentpaper.com/,Flaunt Weekly,$200,56,1 Week,Lifestyle / Music / Entertainment / Tech / Crypto,Organic Placement,Global
https://www.entertainmentpaper.com/,Broke & Chic,$200,34,1 Week,Lifestyle / Fashion / Health,Organic Placement,Global
https://www.entertainmentpaper.com/,The Influential,$200,38,2 Weeks,Lifestyle / News,Organic Placement,Global
https://www.entertainmentpaper.com/,Elite Luxury News,$200,38,1 Week,Lifestyle / Luxury / Travel,Organic Placement,Global
https://www.entertainmentpaper.com/,Elite Music News,$200,38,2 Weeks,Music / Fashion / Entertainment / Business,Organic Placement,Global
https://www.entertainmentpaper.com/,Muzique Magazine,$200,56,1 Week,Music / Lifestyle,Organic Placement,Global
https://www.entertainmentpaper.com/,Elite Property News,$200,61,1 Week,Real Estate / Lifestyle,Organic Placement,Global
https://www.entertainmentpaper.com/,Fox Interviewer,$200,62,1 Week,News / Business / Tech / Sports / Lifestyle,Organic Placement,Global
https://www.entertainmentpaper.com/,HipHopSince1987,$200,67,1 Week,Music,Organic Placement,Global
https://www.entertainmentpaper.com/,West Hollywood Weekly,$200,58,1 Week,Entertainment / Lifestyle / Business / Luxury,Organic Placement,US
https://www.entertainmentpaper.com/,The Beverly Weekly,$200,58,1 Week,Entertainment / Lifestyle / Business / Luxury,Organic Placement,US
https://www.entertainmentpaper.com/,LA Entertainment Weekly,$200,65,1 Week,Business / Entertainment / Sports / Lifestyle,Organic Placement,US
https://www.entertainmentpaper.com/,El Correografico,$210,25,1 Week,News ,Organic with small disclaimer,Spain
https://www.entertainmentpaper.com/,Es Diario ,$210,33,1 Week,News,Organic with small disclaimer,Spain
https://www.entertainmentpaper.com/,Mantanza Digital ,$210,33,1 Week,News / Sports,Organic with small disclaimer,Spain
https://www.entertainmentpaper.com/,Info Sur Diario,$210,34,1 Week,News / Sports / Movies & TV ,Organic with small disclaimer,Spain
https://www.entertainmentpaper.com/,Asianet News,$240,51,1 Week,News / Entertainment / Sports / Tech,Organic Placement,India
https://www.entertainmentpaper.com/,Midday,$240,84,1 Week,News / Entertainment / Lifestyle,Organic Placement,India
https://www.entertainmentpaper.com/,Deccan Herald ,$240,79,1 Week,News / Sports / Business,Sponsored article,India
https://www.entertainmentpaper.com/,TheTribune,$240,84,1 Week,News / Health / Entertainment / Tech,Sponsored article,India
https://www.entertainmentpaper.com/,One India,$240,85,1 Week,News / Sports / Lifestyle,Sponsored article,India
https://www.entertainmentpaper.com/,CEO Weekly,$250,23,1 Week,News / Business / News / Entertainment / Lifestyle,Organic Placement,Global
https://www.entertainmentpaper.com/,Kivo Daily,$250,39,1 Week,News / Business / Tech,Organic Placement,Global
https://www.entertainmentpaper.com/,Famous Times,$250,57,1 Week,News / Music / Business,Organic Placement,Global
https://www.entertainmentpaper.com/,Music Observer,$250,57,1 Week,Music,Organic Placement,Global
https://www.entertainmentpaper.com/,Entertainment Monthly News,$250,60,1 Week,Movies & TV  / Music / Entertainment,Organic Placement,Global
https://www.entertainmentpaper.com/,Influencer Daily,$250,61,1 Week,News / Business,Organic Placement,Global
https://www.entertainmentpaper.com/,SF Post,$250,7,1 Week,News / Sports / Business,Organic Placement,US
https://www.entertainmentpaper.com/,Miami Wire,$250,15,1 Week,News / Business / Entertainment / Tech,Organic Placement,US
https://www.entertainmentpaper.com/,Now Hip Hop,$300,19,1 Week,Music,Organic Placement,Global
https://www.entertainmentpaper.com/,The UBJ ,$300,57,1 Week,News / Business / Entertainment,Organic Placement,Global
https://www.entertainmentpaper.com/,Time Business News ,$300,36,1 Week,News / Business / Tech / Health / Lifestyle / Real Estate ,Organic Placement,Global
https://www.entertainmentpaper.com/,Block Telegraph,$300,38,2 Weeks,Crypto / Tech,Organic Placement,Global
https://www.entertainmentpaper.com/,Explosion ,$300,56,1 Week,News / Business / Entertainment / Tech / Health ,Organic Placement,Global
https://www.entertainmentpaper.com/,Hype Magazine,$300,60,1 Week,Lifestyle / Music,Organic Placement,Global
https://www.entertainmentpaper.com/,Daily Scanner,$300,67,1 Week,News / Business / Lifestyle / Tech / Crypto ,Organic Placement,Global
https://www.entertainmentpaper.com/,This Is 50,$300,68,1 Week,Music,Organic Placement,Global
https://www.entertainmentpaper.com/,Omega Underground,$300,83,1 Week,Tech / Lifestyle / News / Tech / Business / Entertainment / Science / Health,Organic Placement,Global
https://www.entertainmentpaper.com/,Crypto Mode Sponsored,$300,36,1 Week,Crypto / Business / Tech,Sponsored article,Global
https://www.entertainmentpaper.com/,Publish0x.com,$300,48,1 Week,Crypto,Sponsored article,Global
https://www.entertainmentpaper.com/,Thrive Global,$300,80,1 Week,Tech / Science,Sponsored article,Global
https://www.entertainmentpaper.com/,IWM Buzz,$300,43,1 Week,News / Music / Lifestyle / Tech,Organic Placement,India
https://www.entertainmentpaper.com/,ThePrint ,$300,77,1 Week,News / Entertainment / Health / Sports ,Organic Placement,India
https://www.entertainmentpaper.com/,IB Times,$300,87,1 Week,News / Business / Tech / Science / Sports / Entertainment / Lifestyle,Organic Placement,India
https://www.entertainmentpaper.com/,Tu Parada Digital,$300,19,1 Week,News / Tech / Business / Sports / Entertainment,Organic Placement,Spain
https://www.entertainmentpaper.com/,Noti America,$300,29,1 Week,News,Organic Placement,Spain
https://www.entertainmentpaper.com/,Los Angeles Tribune,$300,29,1 Week,News / Tech / Business / Sports / Science,Organic Placement,US
https://www.entertainmentpaper.com/,LA Guest List,$300,40,1 Week,News / Entertainment / Health / Sports / Tech ,Organic Placement,US
https://www.entertainmentpaper.com/,Books n Review,$330,42,1 Week,Entertainment,Organic Placement,Global
https://www.entertainmentpaper.com/,Droid Report ,$330,44,1 Week,Tech,Organic Placement,Global
https://www.entertainmentpaper.com/,Latinos Health ,$330,51,1 Week,Lifestyle / Health / Science,Organic Placement,Global
https://www.entertainmentpaper.com/,Side-Line Magazine,$330,54,1 Week,Lifestyle / News,Organic Placement,Global
https://www.entertainmentpaper.com/,Beauty World News,$330,55,1 Week,News / Lifestyle,Organic Placement,Global
https://www.entertainmentpaper.com/,Auto World News,$330,57,1 Week,Entertainment / Tech,Organic Placement,Global
https://www.entertainmentpaper.com/,Franchise Herald ,$330,58,1 Week,News / Tech,Organic Placement,Global
https://www.entertainmentpaper.com/,Lawyer Herald,$330,59,1 Week,News / Business ,Organic Placement,Global
https://www.entertainmentpaper.com/,Classical Lite ,$330,60,1 Week,Entertainment / Music ,Organic Placement,Global
https://www.entertainmentpaper.com/,Youth Health Mag,$330,60,1 Week,Health,Organic Placement,Global
https://www.entertainmentpaper.com/,News Everyday ,$330,62,1 Week,News / Entertainment / Fashion / Tech,Organic Placement,Global
https://www.entertainmentpaper.com/,Mstarz,$330,63,1 Week,Entertainment / Sports / Movies & TV ,Organic Placement,Global
https://www.entertainmentpaper.com/,Sports World News,$330,64,1 Week,Sports,Organic Placement,Global
https://www.entertainmentpaper.com/,Sports World Report ,$330,64,1 Week,Sports,Organic Placement,Global
https://www.entertainmentpaper.com/,Travelers Today ,$330,64,1 Week,Travel,Organic Placement,Global
https://www.entertainmentpaper.com/,Realty Today ,$330,65,1 Week,Real Estate,Organic Placement,Global
https://www.entertainmentpaper.com/,Food World News,$330,66,1 Week,Lifestyle / Health,Organic Placement,Global
https://www.entertainmentpaper.com/,Mobile N Apps,$330,66,1 Week,Tech,Organic Placement,Global
https://www.entertainmentpaper.com/,Science Times,$330,66,1 Week,Tech / Health / Science,Organic Placement,Global
https://www.entertainmentpaper.com/,Jobsnhire,$330,68,1 Week,Business / Lifestyle / Tech,Organic Placement,Global
https://www.entertainmentpaper.com/,Counselheal,$330,68,1 Week,Health / Science / Tech,Organic Placement,Global
https://www.entertainmentpaper.com/,Parent Herald ,$330,68,1 Week,News,Organic Placement,Global
https://www.entertainmentpaper.com/,Gamenguide,$330,69,1 Week,Tech,Organic Placement,Global
https://www.entertainmentpaper.com/,Bollywood Life,$330,85,1 Week,Entertainment / Movies & TV ,Organic Placement,India
https://www.entertainmentpaper.com/,Hypefresh,$400,46,2 Weeks,Music / Sports / Entertainment / Health,Organic Placement,Global
https://www.entertainmentpaper.com/,Ritz Herald News,$400,56,1 Week,News / Business / Science,Organic Placement,Global
https://www.entertainmentpaper.com/,Music Times,$400,60,1 Week,Music,Organic Placement,Global
https://www.entertainmentpaper.com/,EDM Tunes,$400,65,1 Week,Music / Tech,Organic Placement,Global
https://www.entertainmentpaper.com/,Music News,$400,66,1 Week,Music / News,Organic Placement,Global
https://www.entertainmentpaper.com/,VC Post,$400,66,1 Week,News / Tech / Health,Organic Placement,Global
https://www.entertainmentpaper.com/,Latin Post,$400,66,1 Week,News / Business / Entertainment / Sports,Organic Placement,Global
https://www.entertainmentpaper.com/,Magnetic Mag,$400,74,1 Week,Music ,Organic Placement,Global
https://www.entertainmentpaper.com/,EDM Sauce,$400,75,1 Week,Music,Organic Placement,Global
https://www.entertainmentpaper.com/,IB Times,$400,70,1 Week,News / Business / Tech / Science / Sports / Entertainment / Lifestyle ,Organic Placement,Singapore
https://www.entertainmentpaper.com/,Chiang Rai Times,$400,79,1 Week,News / Health / Business / Entertainment / Lifestyle / Sports,Organic Placement,Thailand 
https://www.entertainmentpaper.com/,Deadline News,$400,75,1 Week,News / Sports / Entertainment / Business ,Organic Placement,UK
https://www.entertainmentpaper.com/,Deccan Chronicle ,$420,86,1 Week,News / Sports / Entertainment  ,Organic Placement,India
https://www.entertainmentpaper.com/,CULTR Magazine,$450,37,1 Week,Music ,Organic Placement,Australia
https://www.entertainmentpaper.com/,Diario Andaluz,$450,31,1 Week,News / Tech,Organic Placement,Bolivia
https://www.entertainmentpaper.com/,RC Bolivia,$450,31,1 Week,News / Tech ,Organic Placement,Bolivia
https://www.entertainmentpaper.com/,ANI,$450,78,1 Week,News / Business / Sports / Lifestyle / Entertainment / Health / Science / Tech ,Organic Placement,India
https://www.entertainmentpaper.com/,Mi Punto de Vista México ,$450,46,1 Week,News,Organic Placement,Mexico
https://www.entertainmentpaper.com/,Outlook India,$480,84,1 Week,News / Business / Entertainment / Sports,Organic Placement,India
https://www.entertainmentpaper.com/,Outlook Money,$480,84,1 Week,News / Health / Tech,Organic Placement,India
https://www.entertainmentpaper.com/,Business Standard,$480,89,1 Week,Business / Entertainment / Lifestyle / Health,Sponsored article,India
https://www.entertainmentpaper.com/,DNA India,$480,90,1 Week,News / Business / Lifestyle / Entertainment,Sponsored article,India
https://www.entertainmentpaper.com/,AustralianTimes,$480,62,1 Week,News / Lifestyle,Organic Placement,UK
https://www.entertainmentpaper.com/,Real Estate Today,$500,14,1 Week,Real Estate / Business,Organic Placement,Global
https://www.entertainmentpaper.com/,Rap Reviews,$500,50,1 Week,Music,Organic Placement,Global
https://www.entertainmentpaper.com/,CelebMix,$500,64,1 Week,Entertainment / News,Organic Placement,Global
https://www.entertainmentpaper.com/,Now Entertainment ,$500,68,1 Week,Music,Organic Placement,Global
https://www.entertainmentpaper.com/,Bust Magazine,$500,72,1 Week,News,Organic Placement,Global
https://www.entertainmentpaper.com/,Your EDM,$500,82,1 Week,Music ,Organic Placement,Global
https://www.entertainmentpaper.com/,We Rave You,$500,92,1 Week,Music,Organic Placement,Global
https://www.entertainmentpaper.com/,Irvine Weekly,$500,33,1 Week,News / Music / Entertainment / CBD,Organic with small disclaimer,Global
https://www.entertainmentpaper.com/,AllHipHop,$500,70,1 Week,Music,Sponsored article,Global
https://www.entertainmentpaper.com/,The Chicago Journal,$500,44,1 Week,News / Business / Entertainment / Health / Sports / Tech,Organic Placement,US
https://www.entertainmentpaper.com/,NY Weekly,$500,54,1 Week,News / Entertainment / Business / Science / Health / Tech,Organic Placement,US
https://www.entertainmentpaper.com/,LA Wire,$500,56,1 Week,News / Business / Entertainment / Health / Lifestyle ,Organic Placement,US
https://www.entertainmentpaper.com/,US Reporter,$500,56,1 Week,News / Business / Entertainment / Lifestyle / Sports / Tech,Organic Placement,US
https://www.entertainmentpaper.com/,NY Wire,$500,57,1 Week,News / Business / Health / Entertainment / Lifestyle,Organic Placement,US
https://www.entertainmentpaper.com/,US Insider,$500,60,1 Week,News / Business / Lifestyle / Sports,Organic Placement,US
https://www.entertainmentpaper.com/,Voyage New York,$500,61,1 Week,News / Entertainment / Fashion / Lifestyle,Organic Placement,US
https://www.entertainmentpaper.com/,LA Weekly,$500,77,1 Week,News / Business / Music / Entertainment / Tech / CBD / Crypto,Organic with small disclaimer,US
https://www.entertainmentpaper.com/,The Week,$520,77,1 Week,News / Business / Sports / Science / Tech / Entertainment / Health,Organic Placement,India
https://www.entertainmentpaper.com/,India.com,$540,90,1 Week,News / Sports / Entertainment / Health / Tech / Business ,Sponsored article,India
https://www.entertainmentpaper.com/,Hindustan Times,$540,91,1 Week,News / Entertainment / Lifestyle / Tech / Business,Sponsored article,India
https://www.entertainmentpaper.com/,Ontario Independent,$600,30,1 Week,News / Tech / Lifestyle / Business / Music  / Sports,Sponsored article,Canada
https://www.entertainmentpaper.com/,Nunavut Post,$600,31,1 Week,News / Tech / Lifestyle / Business / Music / Sports,Sponsored article,Canada
https://www.entertainmentpaper.com/,PE Ledger,$600,31,1 Week,News / Tech / Lifestyle / Business / Music / Sports ,Sponsored article,Canada
https://www.entertainmentpaper.com/,Nova Scotia Journal,$600,32,1 Week,News / Tech / Lifestyle / Business / Music / Sports ,Sponsored article,Canada
https://www.entertainmentpaper.com/,Quebec Standard,$600,32,1 Week,News / Tech / Lifestyle / Business / Music  / Sports,Sponsored article,Canada
https://www.entertainmentpaper.com/,Saskatchewan Examiner,$600,32,1 Week,News / Tech / Lifestyle / Business / Music  / Sports,Sponsored article,Canada
https://www.entertainmentpaper.com/,Manitoba Daily,$600,33,1 Week,News / Tech / Lifestyle / Business / Music  / Sports,Sponsored article,Canada
https://www.entertainmentpaper.com/,New Brunswick Tribune,$600,33,1 Week,News / Tech / Lifestyle / Business / Music  / Sports,Sponsored article,Canada
https://www.entertainmentpaper.com/,NL Gazette,$600,33,1 Week,News / Tech / Lifestyle / Business / Music  / Sports,Sponsored article,Canada
https://www.entertainmentpaper.com/,Yukon Weekly,$600,33,1 Week,News / Tech / Lifestyle / Business / Music  / Sports,Sponsored article,Canada
https://www.entertainmentpaper.com/,British Columbia Sun,$600,34,1 Week,News / Tech / Lifestyle / Business / Music  / Sports,Sponsored article,Canada
https://www.entertainmentpaper.com/,Alberta Mirror,$600,34,1 Week,News / Tech / Lifestyle / Business / Music  / Sports,Sponsored article,Canada
https://www.entertainmentpaper.com/,NW Week,$600,34,1 Week,News / Tech / Lifestyle,Sponsored article,Canada
https://www.entertainmentpaper.com/,Elevator,$600,51,1 Week,Music / Lifestyle,Organic Placement,Global
https://www.entertainmentpaper.com/,Respect Magazine ,$600,61,1 Week,Entertainment / Lifestyle / Music / News ,Organic Placement,Global
https://www.entertainmentpaper.com/,Neon Music,$600,61,1 Week,Music / News / Lifestyle,Organic Placement,Global
https://www.entertainmentpaper.com/,Digital Music News,$600,76,3 Weeks,Music ,Organic Placement,Global
https://www.entertainmentpaper.com/,The Source,$600,82,2 Weeks,Music / News / Music / Entertainment / ,Organic Placement,Global
https://www.entertainmentpaper.com/,Cryptopolitan,$600,49,1 Week,Crypto / Tech,Organic with small disclaimer,Global
https://www.entertainmentpaper.com/,Good Men Project,$600,82,1 Week,News / Sports / Business / Health,Sponsored article,Global
https://www.entertainmentpaper.com/,Space Coast Daily ,$600,63,1 Week,News / Sports / Health / Business / Entertainment,Sponsored article,US
https://www.entertainmentpaper.com/,EP Mundo,$600,50,1 Week,Entertainment  / Tech,Organic Placement,Venezuela
https://www.entertainmentpaper.com/,Venevision V,$600,59,1 Week,News / Lifestyle / Sports ,Organic Placement,Venezuela
https://www.entertainmentpaper.com/,Future Sharks,$660,30,1 Week,Business / News,Organic with small disclaimer,Global
https://www.entertainmentpaper.com/,Daily Hodl,$660,56,1 Week,Crypto / Tech,Organic with small disclaimer,Global
https://www.entertainmentpaper.com/,Business World ,$660,76,1 Week,Business / News / Movies & TV ,Organic Placement,India
https://www.entertainmentpaper.com/,Notion Online,$700,44,1 Week,News,Organic Placement,Global
https://www.entertainmentpaper.com/,Breakfast Club,$700,64,2 Weeks,Music,Organic Placement,Global
https://www.entertainmentpaper.com/,EarMilk,$700,69,2 Week,Music / Tech / Lifestyle / Fashion ,Organic Placement,Global
https://www.entertainmentpaper.com/,Hip Hop DX Mention,$700,81,2 Weeks,Music / News,Organic Placement,Global
https://www.entertainmentpaper.com/,Diario El Libertador,$720,38,1 Week,News / Sports,Organic Placement,Argentina
https://www.entertainmentpaper.com/,Clout News,$720,47,1 Week,News / Fashion / Lifestyle / Sports,Organic Placement,Global
https://www.entertainmentpaper.com/,Block Manity,$720,40,1 Week,Crypto / Tech,Sponsored,Global
https://www.entertainmentpaper.com/,India Today,$720,90,1 Week,News / Movies & TV ,Feature ,India
https://www.entertainmentpaper.com/,Zee News English,$720,90,1 Week,News / Entertainment / Sports / Lifestyle / Business / Tech / Movies & TV ,Organic Placement,India
https://www.entertainmentpaper.com/,People On The News ,$750,14,1 Week,Lifestyle / Music / Fashion / Sports / Entertainment,Organic Placement,Spain
https://www.entertainmentpaper.com/,La República,$750,82,1 Week,News / Sports / Science ,Organic Placement,Spain
https://www.entertainmentpaper.com/,El Siglo,$750,77,1 Week,News / Sports / Tech ,Organic Placement,Venezuela
https://www.entertainmentpaper.com/,El Universal ,$750,83,1 Week,News / Sports / Entertainment ,Organic Placement,Venezuela
https://www.entertainmentpaper.com/,Lyrical Lemonade,$800,49,1 Week,Music ,Organic Placement,Global
https://www.entertainmentpaper.com/,Dancing Astronaut,$800,61,1 Week,Music,Organic Placement,Global
https://www.entertainmentpaper.com/,Geek Extreme,$800,70,1 Week,Lifestyle / Movies & TV / Tech,Organic Placement,Global
https://www.entertainmentpaper.com/,Unfinished Man,$800,72,1 Week,Entertainment / Lifestyle / Movies & TV / Health / Luxury,Organic Placement,Global
https://www.entertainmentpaper.com/,Super Crypto News,$800,37,1 Week,Crypto / News / Tech,Organic with small disclaimer,Global
https://www.entertainmentpaper.com/,CoinPedia,$800,45,1 Week,Crypto / Tech,Organic with small disclaimer,Global
https://www.entertainmentpaper.com/,Crypto News,$800,60,1 Week,Crypto / Tech,Organic with small disclaimer,Global
https://www.entertainmentpaper.com/,Live Mint,$800,91,1 Week,News / Tech / Sports / Business,Sponsored article,India
https://www.entertainmentpaper.com/,The Arabian Stories,$840,33,1 Week,News / Business / Sports / Health / Tech,Organic Placement,Middle East 
https://www.entertainmentpaper.com/,Nob Hill Gazette,$900,45,2 Weeks,News / Real Estate / Lifestyle,Organic Placement,Global
https://www.entertainmentpaper.com/,Celebeat ,$900,47,1 Week,Entertainment / Fashion / Lifestyle / Health ,Organic Placement,Global
https://www.entertainmentpaper.com/,Grit Daily,$900,58,1 Week,News / Tech / Entertainment / Real Estate,Organic Placement,Global
https://www.entertainmentpaper.com/,Fashion Week Daily,$900,69,1 Week,Fashion / Lifestyle / News ,Organic Placement,Global
https://www.entertainmentpaper.com/,Boomsbeat,$900,70,1 Week,News / Lifestyle ,Organic Placement,Global
https://www.entertainmentpaper.com/,Tech Times,$900,83,1 Week,Tech / Science / Business / Health / Culture,Organic Placement,Global
https://www.entertainmentpaper.com/,Periodico AM,$900,77,1 Week,News / Science / Health / Tech ,Organic Placement,Mexico
https://www.entertainmentpaper.com/,Khaleej Times,$900,86,1 Week,News / Business / Sports / Entertainment / Lifestyle ,Organic with small disclaimer,Middle East
https://www.entertainmentpaper.com/,The South African ,$900,82,1 Week,News / Sports / Lifestyle / Business ,Organic Placement,South Africa
https://www.entertainmentpaper.com/,Wow La Revista,$900,29,1 Week,News / Fashion / Music / Lifestyle,Organic Placement,Spain
https://www.entertainmentpaper.com/,En Segundos,$900,46,1 Week,News / Entertainment / Science / Tech / Sports,Organic Placement,Spain
https://www.entertainmentpaper.com/,El Caribe,$900,67,1 Week,News / Sports,Organic Placement,Spain
https://www.entertainmentpaper.com/,El Nacional,$900,71,1 Week,News / Health / Sports,Organic Placement,Spain
https://www.entertainmentpaper.com/,El Nuevo Diario,$900,71,1 Week,News / Movies & TV  ,Organic Placement,Spain
https://www.entertainmentpaper.com/,Diario Libre,$900,79,1 Week,News / Health,Organic Placement,Spain
https://www.entertainmentpaper.com/,La Verdad,$900,67,1 Week,News / Sports / Tech ,Organic Placement,Venezuela
https://www.entertainmentpaper.com/,Modern Luxury Media,$960,67,1 Week,Luxury,Organic Placement,Global
https://www.entertainmentpaper.com/,Capitol File ,$960,55,1 Week,News / Real Estate ,Sponsored article,Global
https://www.entertainmentpaper.com/,The Daily Tribune,$960,53,2 Weeks,News / Business / Sports,Organic Placement,Middle East 
https://www.entertainmentpaper.com/,Trade Arabia,$960,70,1 Week,News / Business ,Organic Placement,Middle East 
https://www.entertainmentpaper.com/,ML Houston,$960,14,1 Week,Real Estate / Lifestyle,Sponsored article,US
https://www.entertainmentpaper.com/,ML Manhattan ,$960,22,1 Week,Real Estate / Lifestyle,Sponsored article,US
https://www.entertainmentpaper.com/,ML Miami Mag ,$960,24,1 Week,Luxury / Real Estate / Lifestyle,Sponsored article,US
https://www.entertainmentpaper.com/,Philly Style Mag ,$960,55,1 Week,Lifestyle / Real Estate / Luxury,Sponsored article,US
https://www.entertainmentpaper.com/,Billboard Argentina,"$1,000",53,2 Weeks,Music / Business,Organic Placement,Argentina
https://www.entertainmentpaper.com/,Morning Honey,"$1,000",28,1 Week,News / Lifestyle / Health ,Organic Placement,Global
https://www.entertainmentpaper.com/,Womens Golf Journal,"$1,000",29,1 Week,News ,Organic Placement,Global
https://www.entertainmentpaper.com/,Front Page Detectives,"$1,000",30,1 Week,News / Lifestyle,Organic Placement,Global
https://www.entertainmentpaper.com/,Swagger Magazine,"$1,000",61,2 Weeks,News / Business / Tech / Health / Sports / Entertainment ,Organic with small disclaimer,Global
https://www.entertainmentpaper.com/,FXStreet,"$1,000",76,1 Week,Crypto / Tech   ,Organic with small disclaimer,Global
https://www.entertainmentpaper.com/,The Royal Observer,"$1,000",32,1 Week,News / Lifestyle,Organic Placement,UK
https://www.entertainmentpaper.com/,Female First,"$1,000",78,1 Week,News / Entertainment / Lifestyle ,Organic Placement,UK 
https://www.entertainmentpaper.com/,Jezebel Magazine,"$1,050",28,2 Weeks,Luxury / Lifestyle / Real Estate,Organic Placement,Global
https://www.entertainmentpaper.com/,Mensbook,"$1,050",27,1 Week,Lifestyle / Health ,Sponsored article,Global
https://www.entertainmentpaper.com/,El Sol de Chiapas,"$1,050",34,1 Week,News / Sports,Organic Placement,Mexico
https://www.entertainmentpaper.com/,Aspen Magazine,"$1,050",20,2 Weeks,Luxury / Magazine,Organic Placement,US
https://www.entertainmentpaper.com/,Modern Luxury Miami,"$1,050",28,2 Weeks,Luxury / Real Estate ,Organic Placement,US
https://www.entertainmentpaper.com/,Hamptons Magazine,"$1,050",56,2 Weeks,Luxury / Real Estate,Organic Placement,US
https://www.entertainmentpaper.com/,Modern Luxury Silicon Valley,"$1,050",19,2 Weeks,News / Luxury,Organic with small disclaimer,US
https://www.entertainmentpaper.com/,Dallas Magazine,"$1,050",19,2 Weeks,News / Luxury,Organic with small disclaimer,US
https://www.entertainmentpaper.com/,San Diego Magazine,"$1,050",23,2 Weeks,News / Luxury / Lifestyle / Real Estate,Organic with small disclaimer,US
https://www.entertainmentpaper.com/,Manhattan Magazine,"$1,050",25,2 Weeks,News / Luxury / Real Estate / Lifestyle,Organic with small disclaimer,US
https://www.entertainmentpaper.com/,Modern Luxury Angeleno,"$1,050",28,2 Weeks,News / Luxury/ Lifestyle,Organic with small disclaimer,US
https://www.entertainmentpaper.com/,San Francisco Magazine,"$1,050",38,1 Week,Lifestyle / Real Estate,Sponsored article,US
https://www.entertainmentpaper.com/,Vegas Magazine ,"$1,050",56,1 Week,Lifestyle / Real Estate,Sponsored article,US
https://www.entertainmentpaper.com/,LA Confidential,"$1,050",58,1 Week,Lifestyle / Movies & TV ,Sponsored article,US
https://www.entertainmentpaper.com/,Gotham Magazine ,"$1,050",61,1 Week,Lifestyle / Real Estate / Luxury,Sponsored article,US
https://www.entertainmentpaper.com/,Ocean Drive ,"$1,050",68,1 Week,Lifestyle / Real Estate / Luxury,Sponsored article,US
https://www.entertainmentpaper.com/,CoinSpeaker,"$1,100",70,1 Week,Crypto / Business / Tech ,Organic with small disclaimer,Global
https://www.entertainmentpaper.com/,Gulf Times,"$1,100",73,1 Week,News / Business / Sports,Organic with small disclaimer,Middle East 
https://www.entertainmentpaper.com/,Fast Company Africa,"$1,100",37,1 Week,News / Business / Tech ,Organic with small disclaimer,South Africa
https://www.entertainmentpaper.com/,Diario la libertad,"$1,200",42,1 Week,Sports,Organic Placement,Colombia
https://www.entertainmentpaper.com/,Universal ,"$1,200",81,1 Week,News / Sports / Entertainment,Organic Placement,Colombia
https://www.entertainmentpaper.com/,Haute Time,"$1,200",59,1 Week,Luxury,Organic with small disclaimer,Global
https://www.entertainmentpaper.com/,Haute Beauty,"$1,200",73,1 Week,Lifestyle / Fashion / Luxury,Organic with small disclaimer,Global
https://www.entertainmentpaper.com/,Haute Living,"$1,200",73,1 Week,News / Lifestyle / Fashion / Luxury,Organic with small disclaimer,Global
https://www.entertainmentpaper.com/,Village Voice ,"$1,200",85,1 Week,News,Organic with small disclaimer,Global
https://www.entertainmentpaper.com/,JPost,"$1,200",91,1 Week,News / Health / Science / Business,Organic with small disclaimer,Israel
https://www.entertainmentpaper.com/,Chiapas México ,"$1,200",43,1 Week,News / Sports,Organic Placement,Mexico
https://www.entertainmentpaper.com/,Gulf Daily News,"$1,200",68,1 Week,News / Business / Sports / Entertainment / Tech / Health,Organic Placement,Middle East 
https://www.entertainmentpaper.com/,Región Digital,"$1,200",54,1 Week,News / Sports / Tech,Organic Placement,Spain
https://www.entertainmentpaper.com/,Mediterraneo Digital,"$1,200",57,1 week,News / Sports,Organic Placement,Spain
https://www.entertainmentpaper.com/,Estrella Digital ,"$1,200",66,1 Week,News / Lifestyle / Sports ,Organic Placement,Spain
https://www.entertainmentpaper.com/,CDN ,"$1,200",72,1 Week,News / Health  / Science / Tech,Organic Placement,Spain
https://www.entertainmentpaper.com/,Bangkok Post ,"$1,200",87,1 Week,News / Business / Lifestyle / Tech,Organic Placement,Thailand 
https://www.entertainmentpaper.com/,SF Weekly,"$1,200",73,1 Week,News,Organic Placement,US
https://www.entertainmentpaper.com/,Haute Residence,"$1,200",48,1 Week,Luxury / Real Estate,Organic with small disclaimer,US
https://www.entertainmentpaper.com/,PhillyVoice,"$1,200",79,2 Weeks,News / Health / Sports,Organic with small disclaimer,US
https://www.entertainmentpaper.com/,Phoenix New Times,"$1,200",74,1 Week,News,Sponsored article,US
https://www.entertainmentpaper.com/,West Word,"$1,200",77,1 Week,News,Sponsored article,US
https://www.entertainmentpaper.com/,Dallas Observer,"$1,200",78,1 Week,News / Business,Sponsored article,US
https://www.entertainmentpaper.com/,Miami New Times,"$1,200",79,1 Week,News / Business,Sponsored article,US
https://www.entertainmentpaper.com/,Flaunt Magazine,"$1,250",68,2 Weeks,Music / Fashion / Lifestyle / Luxury,Organic Placement,Global
https://www.entertainmentpaper.com/,Gulf Today,"$1,250",66,1 Week,News / News / Lifestyle / Business,Sponsored article,Middle East 
https://www.entertainmentpaper.com/,Fortune India,"$1,260",48,2 Weeks,News / Tech ,Organic with small disclaimer,India
https://www.entertainmentpaper.com/,Times of Oman,"$1,260",81,1 Week,News / Movies & TV  / Business / Sports / Tech,Organic Placement,Middle East 
https://www.entertainmentpaper.com/,Al Khaleej,"$1,260",87,1 Week,News / Health /  / Sports / Tech,Organic Placement,Middle East 
https://www.entertainmentpaper.com/,Broadway World,"$1,300",86,1 Week,Music / News,Organic Placement,US
https://www.entertainmentpaper.com/,Al Shabiba,"$1,320",43,1 Week,News / Tech,Organic Placement,Middle East 
https://www.entertainmentpaper.com/,Raya,"$1,320",54,1 Week,News / Sports,Organic Placement,Middle East 
https://www.entertainmentpaper.com/,Muscat Daily,"$1,320",58,2 Weeks,News / Business / Sports ,Organic Placement,Middle East 
https://www.entertainmentpaper.com/,El País,"$1,350",94,1 Week,News,Organic Placement,Bolivia
https://www.entertainmentpaper.com/,EL Universal Puebla,"$1,350",44,1 Week,News / Business ,Organic Placement,Mexico
https://www.entertainmentpaper.com/,El Heraldo,"$1,350",83,1 Week,Entertainment / Sports / Lifestyle / Tech,Organic Placement,Mexico
https://www.entertainmentpaper.com/,Vida Moderna,"$1,350",42,1 Week,Crypto / Tech ,Organic Placement,Spain
https://www.entertainmentpaper.com/,Diario Las Américas,"$1,350",77,1 Week,News /  / Entertainment / Sports,Organic Placement,Spain
https://www.entertainmentpaper.com/,Blockonomi Sponsored,"$1,380",52,1 Week,Crypto / Tech   ,Sponsored article,Global
https://www.entertainmentpaper.com/,Business Insider Africa,"$1,400",94,1 Week,News / Lifestyle,Organic Placement,Africa
https://www.entertainmentpaper.com/,Digital Journal,"$1,500",88,1 Week,News / Tech / Science / Entertainment / Businesss,Organic Placement,Canada
https://www.entertainmentpaper.com/,Make Use Of ,"$1,500",91,2 Weeks,Tech / Lifestyle,Organic Placement,Canada
https://www.entertainmentpaper.com/,KNewz,"$1,500",51,1 Week,News / Lifestyle / Business / Sports,Organic Placement,Global
https://www.entertainmentpaper.com/,Grazia Magazine ,"$1,500",65,1 Week,Entertainment / Fashion,Organic Placement,Global
https://www.entertainmentpaper.com/,EDM.com,"$1,500",72,1 Week,Music / Lifestyle,Organic Placement,Global
https://www.entertainmentpaper.com/,Benzinga,"$1,500",85,1 Week,News / Business / Cypto / Tech / CBD,Organic Placement,Global
https://www.entertainmentpaper.com/,Screen Rant,"$1,500",86,2 Weeks,Entertainment / Movies & TV / Tech,Organic Placement,Global
https://www.entertainmentpaper.com/,Collider,"$1,500",88,2 Weeks,Entertainment / Movies & TV ,Organic Placement,Global
https://www.entertainmentpaper.com/,CBR,"$1,500",89,2 Weeks,Entertainment / Movies & TV,Organic Placement,Global
https://www.entertainmentpaper.com/,Mercury News,"$1,500",92,1 Week,News / Sports / Business / Real Estate ,Sponsored article,Global
https://www.entertainmentpaper.com/,Cryptocurrency News,"$1,500",24,1 Week,Crypto / Real Estate / Tech,Organic with small disclaimer,India
https://www.entertainmentpaper.com/,Coingape,"$1,500",54,1 Week,Crypto / Tech,Organic with small disclaimer,India
https://www.entertainmentpaper.com/,Inquirer,"$1,500",89,1 Week,News / Business / Entertainment / Sports / Tech / Lifestyle,Organic with small disclaimer,Philippines
https://www.entertainmentpaper.com/,Miami Hispano,"$1,500",27,1 Week,News / Business,Organic Placement,Spain
https://www.entertainmentpaper.com/,Miami Diario,"$1,500",60,1 Week,News / Health / Tech,Organic Placement,Spain
https://www.entertainmentpaper.com/,Madrid Diario,"$1,500",71,1 Week,News / Health / Sports,Organic Placement,Spain
https://www.entertainmentpaper.com/,East Bay Times,"$1,500",74,1 Week,News / Sports / Business / Real Estate,Sponsored article,US
https://www.entertainmentpaper.com/,Review Journal,"$1,500",83,1 Week,News / Sports / Business / Entertainment ,Sponsored article,US
https://www.entertainmentpaper.com/,Washington Times,"$1,500",90,1 Week,News / Tech / Science / Sports,Sponsored article,US
https://www.entertainmentpaper.com/,World Star,"$1,600",77,1 Week,Music ,Organic Placement,Global
https://www.entertainmentpaper.com/,Ambcrypto,"$1,600",55,1 Week,Crypto / News,Organic with small disclaimer,International
https://www.entertainmentpaper.com/,Mashable (NL),"$1,600",93,1 Week,News / Tech / Science / Entertainment ,Organic Placement,Netherlands
https://www.entertainmentpaper.com/,Bristol Post,"$1,600",80,1 Week,News / Health  / Business,Sponsored article,UK
https://www.entertainmentpaper.com/,Daily Record,"$1,600",85,1 Week,News / Sports / Movies & TV / Lifestyle,Sponsored article,UK
https://www.entertainmentpaper.com/,Birmingham Mail,"$1,600",87,1 Week,News / Business,Sponsored article,UK
https://www.entertainmentpaper.com/,Wales Online,"$1,600",89,1 Week,News / Health / Business  ,Sponsored article,UK
https://www.entertainmentpaper.com/,Manchester Evening News,"$1,600",90,1 Week,News / Sports,Sponsored article,UK
https://www.entertainmentpaper.com/,LiverPool Echo,"$1,600",88,1 Week,News  / Business / Sports ,Sponsored article,UK 
https://www.entertainmentpaper.com/,Daily Caller,"$1,600",89,1 Week,News / Entertainment / Business / Sports,Organic Placement,US
https://www.entertainmentpaper.com/,Football Scotland,"$1,620",46,1 Week,Sports,Sponsored article,UK 
https://www.entertainmentpaper.com/,Cork Beo,"$1,620",48,1 Week,News / Sports / Business ,Sponsored article,UK 
https://www.entertainmentpaper.com/,Liverpool,"$1,620",52,1 Week,News / Sports,Sponsored article,UK 
https://www.entertainmentpaper.com/,RSVP Live,"$1,620",54,1 Week,News / Sports,Sponsored article,UK 
https://www.entertainmentpaper.com/,Insider,"$1,620",59,1 Week,News / Science & Tech ,Sponsored article,UK 
https://www.entertainmentpaper.com/,Edinburgh Live,"$1,620",62,1 Week,News / Sports,Sponsored article,UK 
https://www.entertainmentpaper.com/,Lancs Live,"$1,620",62,1 Week,News / Media,Sponsored article,UK 
https://www.entertainmentpaper.com/,Staffordshire Live,"$1,620",63,1 Week,Media & News / Sports,Sponsored article,UK 
https://www.entertainmentpaper.com/,Dublin Live,"$1,620",65,1 Week,News / Health  / Business,Sponsored article,UK 
https://www.entertainmentpaper.com/,Lincolnshire Live,"$1,620",66,1 Week,News / Sports  / Business,Sponsored article,UK 
https://www.entertainmentpaper.com/,Cheshire Live,"$1,620",67,1 Week,News / Health ,Sponsored article,UK 
https://www.entertainmentpaper.com/,Essex Live,"$1,620",67,1 Week,News  / Health / Business,Sponsored article,UK 
https://www.entertainmentpaper.com/,Glasgow Live,"$1,620",68,1 Week,Lifestlye / Health  / Business,Sponsored article,UK 
https://www.entertainmentpaper.com/,Leeds Live,"$1,620",68,1 Week,News / Sports / Business,Sponsored article,UK 
https://www.entertainmentpaper.com/,Business Live,"$1,620",69,1 Week,Business / News ,Sponsored article,UK 
https://www.entertainmentpaper.com/,Plymouth Herald / Plymouth Live,"$1,620",70,1 Week,News / Business  / Health ,Sponsored article,UK 
https://www.entertainmentpaper.com/,Somerset Live,"$1,620",70,1 week,News / Health / Business,Sponsored article,UK 
https://www.entertainmentpaper.com/,Get Reading / Berkshire Live,"$1,620",71,1 Week,News / Health ,Sponsored article,UK 
https://www.entertainmentpaper.com/,Stoke-on-Trent,"$1,620",72,1 Week,News / Business / Health,Sponsored article,UK 
https://www.entertainmentpaper.com/,Grimsby Telegraph / Grimsby Live,"$1,620",73,1 Week,News ,Sponsored article,UK 
https://www.entertainmentpaper.com/,Cornwall Live,"$1,620",74,1 Week,News / Business / Health,Sponsored article,UK 
https://www.entertainmentpaper.com/,Gloucestershire Live,"$1,620",74,1 Week,News  / Business / Health,Sponsored article,UK 
https://www.entertainmentpaper.com/,Hertfordshire Mercury / Herts Live,"$1,620",74,1 Week,News    ,Sponsored article,UK 
https://www.entertainmentpaper.com/,Cambridge News / Cambridgeshire Live,"$1,620",75,1 Week,News / Business,Sponsored article,UK 
https://www.entertainmentpaper.com/,Kent Live,"$1,620",75,1 Week,News / Business / Health,Sponsored article,UK 
https://www.entertainmentpaper.com/,Derbyshire Live / Derby Telegraph,"$1,620",76,1 Week,News,Sponsored article,UK 
https://www.entertainmentpaper.com/,Leicester Mercury / Leicestershire Live,"$1,620",76,1 Week,News / Business / Health ,Sponsored article,UK 
https://www.entertainmentpaper.com/,North Wales Live / Daily Post,"$1,620",76,1 Week,News / Business / Health,Sponsored article,UK 
https://www.entertainmentpaper.com/,Teesside Live / Gazette Live,"$1,620",76,1 Week,News / Business / Health,Sponsored article,UK 
https://www.entertainmentpaper.com/,Hull Daily Mail / Hull Live,"$1,620",77,1 Week,News / Sports,Sponsored article,UK 
https://www.entertainmentpaper.com/,Yorkshire Live / Examiner Live,"$1,620",78,1 Week,News / Sports ,Sponsored article,UK 
https://www.entertainmentpaper.com/,Devon Live,"$1,620",79,1 Week,News / Health / Business,Sponsored article,UK 
https://www.entertainmentpaper.com/,Nottingham Post / Nottinghamshire Live,"$1,620",79,1 Week,News / Health / Business  ,Sponsored article,UK 
https://www.entertainmentpaper.com/,Football London,"$1,620",79,1 Week,Sports ,Sponsored article,UK 
https://www.entertainmentpaper.com/,My London News,"$1,620",80,1 Week,News / Lifestyle / Health ,Sponsored article,UK 
https://www.entertainmentpaper.com/,Surrey Live / Get Surrey,"$1,620",80,1 Week,News  / Business,Sponsored article,UK 
https://www.entertainmentpaper.com/,Belfast Live,"$1,620",81,1 Week,News / Business / Health,Sponsored article,UK 
https://www.entertainmentpaper.com/,Coventry Telegraph,"$1,620",82,1 Week,News / Health   ,Sponsored article,UK 
https://www.entertainmentpaper.com/,Chronicle Live,"$1,620",86,1 Week,News / Movies & TV ,Sponsored article,UK 
https://www.entertainmentpaper.com/,Wonderland Magazine,"$1,700",69,1 Week,News ,Organic Placement,UK
https://www.entertainmentpaper.com/,U.Today,"$1,700",53,2 Weeks,Tech / Crypto / News,Organic with small disclaimer,US
https://www.entertainmentpaper.com/,IB Times,"$1,800",72,1 Week,News / Business / Tech / Science / Sports / Entertainment / Lifestyle,Organic Placement,Australia
https://www.entertainmentpaper.com/,Times of Isreal,"$1,800",91,1 Week,News   Tech / Real Estate,Sponsored article,Israel
https://www.entertainmentpaper.com/,Reforma ,"$1,800",74,1 Week,News ,Organic Placement,Mexico
https://www.entertainmentpaper.com/,Milenio,"$1,800",92,1 Week,News / Business / Tech / Entertainment / Sports,Organic Placement,Mexico
https://www.entertainmentpaper.com/,House & Garden Africa,"$2,000",35,2 Weeks,Real Estate,Organic Placement,Africa
https://www.entertainmentpaper.com/,Radar Online,"$2,000",82,1 Week,Entertainment / News,Organic Placement,Global
https://www.entertainmentpaper.com/,HackerNoon,"$2,000",85,2 Weeks,Tech / Crypto ,Organic Placement,Global
https://www.entertainmentpaper.com/,CoinCodex,"$2,000",52,1 Week,Crypto / Tech,Organic with small disclaimer,Global
https://www.entertainmentpaper.com/,Food and Wine Español,"$2,000",47,2 Weeks,Entertainment,Organic Placement,Spain
https://www.entertainmentpaper.com/,Hollywood Unlocked,"$2,000",64,1 Week,Music / News / Movies & TV,Organic Placement,US
https://www.entertainmentpaper.com/,SF Examiner ,"$2,000",78,1 Week,News / Sports,Organic Placement,US
https://www.entertainmentpaper.com/,Merced Sun-Star,"$2,000",66,2 Weeks,News / Sports / Entertainment,Organic with small disclaimer,US
https://www.entertainmentpaper.com/,Tri-City Herald,"$2,000",68,2 Weeks,News / Sports / Entertainment,Organic with small disclaimer,US
https://www.entertainmentpaper.com/,Bellingham Herald,"$2,000",69,2 Weeks,News / Sports / Entertainment,Organic with small disclaimer,US
https://www.entertainmentpaper.com/,Macon Telegraph,"$2,000",69,2 Weeks,News / Sports / Entertainment,Organic with small disclaimer,US
https://www.entertainmentpaper.com/,NY Daily News,"$2,000",92,1 Week,News / Real Estate / Lifestyle,Sponsored article,US
https://www.entertainmentpaper.com/,Imagen Miami,"$2,100",25,1 Week,Entertainment / Music / Business / Fashion,Organic Placement,Spain
https://www.entertainmentpaper.com/,Madrid Actual,"$2,100",53,1 Week,News,Organic Placement,Spain
https://www.entertainmentpaper.com/,Diario Siglo 21,"$2,100",63,1 Week,News / Sports / Tech / Science,Organic Placement,Spain
https://www.entertainmentpaper.com/,Tercera información,"$2,100",65,1 Week,News / Tech / Science,Organic Placement,Spain
https://www.entertainmentpaper.com/,Andalucía Información,"$2,100",67,1 Week,News / Sports,Organic Placement,Spain
https://www.entertainmentpaper.com/,Okaz,"$2,400",75,2 Weeks,News,Organic Placement,Middle East 
https://www.entertainmentpaper.com/,Univision,"$2,400",88,1 Week,News / Lifestyle / Sports ,Organic Placement,Spain
https://www.entertainmentpaper.com/,CNBC Africa,"$2,500",65,2 Weeks,News ,Sponsored article,Africa
https://www.entertainmentpaper.com/,Medical Daily,"$2,500",82,1 Week,Health,Organic Placement,Global
https://www.entertainmentpaper.com/,E! News / E Online,"$2,500",92,1 Week,News / Movies & TV ,Organic with small disclaimer,Global
https://www.entertainmentpaper.com/,CT Post,"$2,500",79,1 Week,News / Sports / Business / Entertainment ,Sponsored article,Global
https://www.entertainmentpaper.com/,In Style Mexico,"$2,500",56,2 Weeks,News / Lifestyle / Fashion/ Entertainment,Organic Placement,Mexico
https://www.entertainmentpaper.com/,Robb Report Mexico,"$2,500",42,3 Weeks,News / Movies & TV ,Organic Placement,Mexico 
https://www.entertainmentpaper.com/,Saudia Gazette,"$2,500",77,1 Week,News / Sports / Business / Entertainment ,Organic with small disclaimer,Middle East 
https://www.entertainmentpaper.com/,Glamour South Africa,"$2,500",54,1 Week,Fashion / Lifestyle,Organic Placement,South Africa
https://www.entertainmentpaper.com/,GQ South Africa ,"$2,500",55,1 Week,Fashion / Tech / Entertainment,Organic Placement,South Africa
https://www.entertainmentpaper.com/,This is Money,"$2,500",81,1 Week,News / Business,Organic with small disclaimer,UK
https://www.entertainmentpaper.com/,iNews,"$2,500",82,1 Week,News / Business / Sports ,Organic with small disclaimer,UK
https://www.entertainmentpaper.com/,Rock Hill Herald,"$2,500",71,2 Weeks,News / Sports / Entertainment,Organic with small disclaimer,US
https://www.entertainmentpaper.com/,Myrtle Beach Sun News,"$2,500",72,2 Weeks,News / Sports / Entertainment,Organic with small disclaimer,US
https://www.entertainmentpaper.com/,Centre Daily Times,"$2,500",73,2 Weeks,News / Sports News,Organic with small disclaimer,US
https://www.entertainmentpaper.com/,Durham Herald Sun,"$2,500",75,2 Weeks,News / Business / Sports / Entertainment,Organic with small disclaimer,US
https://www.entertainmentpaper.com/,Ledger-Enquirer,"$2,500",75,2 Weeks,News / Entertainment,Organic with small disclaimer,US
https://www.entertainmentpaper.com/,Modesto Bee,"$2,500",75,2 Weeks,News / Sports / Entertainment,Organic with small disclaimer,US
https://www.entertainmentpaper.com/,Belleville News-Democrat,"$2,500",76,2 Weeks,News / Sports,Organic with small disclaimer,US
https://www.entertainmentpaper.com/,Bradenton Herald,"$2,500",76,2 Weeks,News / Sports / Business,Organic with small disclaimer,US
https://www.entertainmentpaper.com/,Idaho Statesman,"$2,500",76,2 Weeks,News / Sports / Entertainment,Organic with small disclaimer,US
https://www.entertainmentpaper.com/,San Luis Obispo Tribune,"$2,500",76,2 Weeks,News / Sports / Entertainment,Organic with small disclaimer,US
https://www.entertainmentpaper.com/,Tacoma News Tribune,"$2,500",76,2 Weeks,News / Business / Entertainment,Organic with small disclaimer,US
https://www.entertainmentpaper.com/,The Fresno Bee,"$2,500",78,2 Weeks,News / Sports / Entertainment,Organic with small disclaimer,US
https://www.entertainmentpaper.com/,The Telegraph,"$2,500",63,1 Week,News / Sports ,Sponsored article,US
https://www.entertainmentpaper.com/,The Hour,"$2,500",67,1 Week,News / Business / Entertainment   ,Sponsored article,US
https://www.entertainmentpaper.com/,Stamford Advocate ,"$2,500",76,1 Week,News / Sports / Business / Entertainment ,Sponsored article,US
https://www.entertainmentpaper.com/,Seattle Pi,"$2,500",81,1 Week,News / Real Estate / Entertainment,Sponsored article,US
https://www.entertainmentpaper.com/,Dallas News,"$2,500",89,1 Week,News / Sports / Entertainment / Business,Sponsored article,US
https://www.entertainmentpaper.com/,The Olympian,"$2,500",71,2 Weeks,News / Sports,Organic with small disclaimer,US 
https://www.entertainmentpaper.com/,Crypto Potato,"$2,700",57,1 Week,Crypto / Tech ,Organic with small disclaimer,Global
https://www.entertainmentpaper.com/,Soaps In Depth,"$3,000",55,1 Week,Movies & TV / Entertainment,Organic Placement,Global
https://www.entertainmentpaper.com/,First for Women,"$3,000",59,1 Week,Fashion / Health / Entertainment / Lifestyle / Luxury,Organic Placement,Global
https://www.entertainmentpaper.com/,Powder Magazine,"$3,000",60,1 Week,Entertainment,Organic Placement,Global
https://www.entertainmentpaper.com/,Women's World ,"$3,000",63,1 Week,Fashion / Health / Entertainment / Lifestyle / Luxury,Organic Placement,Global
https://www.entertainmentpaper.com/,Pet Helpful,"$3,000",63,2 Weeks,Entertainment,Organic Placement,Global
https://www.entertainmentpaper.com/,Dengarden,"$3,000",66,2 Weeks,Real Estate,Organic Placement,Global
https://www.entertainmentpaper.com/,Sufer Magazine,"$3,000",67,1 Week,Entertainment / Lifestyle,Organic Placement,Global
https://www.entertainmentpaper.com/,Soap Opera Digest,"$3,000",71,1 Week,Entertainment / Movies & TV,Organic Placement,Global
https://www.entertainmentpaper.com/,Closer Weekly,"$3,000",78,1 Week,Entertainment / Lifestyle,Organic Placement,Global
https://www.entertainmentpaper.com/,J-14 Magazine,"$3,000",79,1 Week,Entertainment / Movies & TV,Organic Placement,Global
https://www.entertainmentpaper.com/,Life and Style ,"$3,000",80,1 Week,Lifestyle / Entertainment / Health / Fashion / Luxury,Organic Placement,Global
https://www.entertainmentpaper.com/,OK Magazine ,"$3,000",80,1 Week,Lifestyle / Entertainment / Health / Fashion / Luxury,Organic Placement,Global
https://www.entertainmentpaper.com/,In Touch Weekly,"$3,000",82,1 Week,Lifestyle / Entertainment / Movies & TV,Organic Placement,Global
https://www.entertainmentpaper.com/,Latin Times,"$3,000",82,1 Week,News / Entertainment / Sports / Lifestyle,Organic Placement,Global
https://www.entertainmentpaper.com/,Cryptonomist,"$3,000",52,1 Week,Crypto / Tech ,Organic with small disclaimer,Global
https://www.entertainmentpaper.com/,IGN (Nordic),"$3,000",92,1 Week,Tech / Entertainment / Movies & TV,Organic with small disclaimer,Global
https://www.entertainmentpaper.com/,Daily Press,"$3,000",78,1 Week,News / Sports / Lifestyle / Business,Sponsored article,Global
https://www.entertainmentpaper.com/,Pilot Online,"$3,000",80,1 Week,News / Business /  / Real Estate,Sponsored article,Global
https://www.entertainmentpaper.com/,NewsMax,"$3,000",84,1 Week,News / Science / Tech ,Sponsored article,Global
https://www.entertainmentpaper.com/,Irish Times,"$3,000",90,1 Week,News / Business / Sports / Lifestyle,Sponsored article,Ireland
https://www.entertainmentpaper.com/,IB Times,"$3,000",90,1 Week,News / Business / Tech / Science / Sports / Entertainment / Lifestyle,Organic Placement,UK 
https://www.entertainmentpaper.com/,Washington Examiner,"$3,000",86,2 Weeks,News ,Organic Placement,US
https://www.entertainmentpaper.com/,IB Times,"$3,000",91,2 Weeks,News / Business / Tech / Science / Sports / Entertainment / Lifestyle / Health,Organic Placement,US
https://www.entertainmentpaper.com/,Sun Herald,"$3,000",73,2 Weeks,News / Sports / Entertainment / Business,Organic with small disclaimer,US
https://www.entertainmentpaper.com/,The State,"$3,000",80,2 Weeks,News / Sports / Entertainment,Organic with small disclaimer,US
https://www.entertainmentpaper.com/,The Wichita Eagle,"$3,000",80,2 Weeks,News / Soprts / Business / Entertainment ,Organic with small disclaimer,US
https://www.entertainmentpaper.com/,Fort Worth Star-Telegram,"$3,000",82,2 Weeks,News / Sports / Entertainment,Organic with small disclaimer,US
https://www.entertainmentpaper.com/,Lexington Herald Leader,"$3,000",85,2 Weeks,News / Sports / Entertainmant,Organic with small disclaimer,US
https://www.entertainmentpaper.com/,The Sacramento Bee,"$3,000",85,2 Weeks,News / Sports / Entertainmant,Organic with small disclaimer,US
https://www.entertainmentpaper.com/,Charlotte Observer,"$3,000",86,2 Weeks,News / Sports / Entertainmant,Organic with small disclaimer,US
https://www.entertainmentpaper.com/,El Nuevo Herald,"$3,000",86,2 Weeks,News / Sports / Entertainmant,Organic with small disclaimer,US
https://www.entertainmentpaper.com/,The Kansas City Star,"$3,000",86,2 Weeks,News / Business / Entertainment / Sports   ,Organic with small disclaimer,US
https://www.entertainmentpaper.com/,Miami Herald,"$3,000",90,2 Weeks,News / Sports / Business / Entertainment ,Organic with small disclaimer,US
https://www.entertainmentpaper.com/,My San Antonio ,"$3,000",80,1 Week,News / Entertainment / Sports,Sponsored article,US
https://www.entertainmentpaper.com/,Times Union,"$3,000",82,1 Week,News / Entertainment / Sports / Lifestyle / Business,Sponsored article,US
https://www.entertainmentpaper.com/,Courant,"$3,000",83,1 Week,News / Sports / Business,Sponsored article,US
https://www.entertainmentpaper.com/,Houston Chronicle,"$3,000",83,1 Week,News / Sports / Business / Entertainment ,Sponsored article,US
https://www.entertainmentpaper.com/,SF Chronicle,"$3,000",84,1 Week,News / Movies & TV / Health / Music,Sponsored article,US
https://www.entertainmentpaper.com/,Tampa Bay Times,"$3,000",86,1 Week,News / Sports / Business,Sponsored article,US
https://www.entertainmentpaper.com/,Sun Sentinel,"$3,000",87,1 Week,News / Health / Real Estate,Sponsored article,US
https://www.entertainmentpaper.com/,Orlando Sentinel,"$3,000",88,1 Week,News / Real Estate / Sports / Entertainmemnt,Sponsored article,US
https://www.entertainmentpaper.com/,Baltimore Sun,"$3,000",90,1 Week,News / Health / Entertainment / Sports / Business,Sponsored article,US
https://www.entertainmentpaper.com/,Chron,"$3,000",92,2 Weeks,News / Business  / Real Estate / Sports,Sponsored article,US
https://www.entertainmentpaper.com/,Chicago Tribune,"$3,000",93,1 Week,News / Business / Entertainment / Sports ,Sponsored article,US
https://www.entertainmentpaper.com/,SF Gate,"$3,000",93,1 Week,News / Sports / Business / Real Estate,Sponsored article,US
https://www.entertainmentpaper.com/,The News & Observer,"$3,000",82,2 Weeks,News / Business / Sports / Lifestyle,Organic with small disclaimer,US 
https://www.entertainmentpaper.com/,The Morning Call,"$3,000",80,1 Week,News / Sports / Business / Entertainment ,Sponsored article,US 
https://www.entertainmentpaper.com/,Maxim,"$4,000",87,1 Week,News / Fashion / Business / Travel / Luxury / Lifestyle,Organic with small disclaimer,Global
https://www.entertainmentpaper.com/,Newsweek,"$4,000",93,1 Week,News / Tech / Science / Health,Organic with small disclaimer,Global
https://www.entertainmentpaper.com/,The Epoch Times,"$4,000",90,2 Weeks,News / Health / Entertainment,Sponsored article,Global
https://www.entertainmentpaper.com/,Gulf Business,"$4,000",72,1 Week,News / Tech / Lifestyle / Business,Organic with small disclaimer,Middle east
https://www.entertainmentpaper.com/,Entrepreneur,"$4,500",92,1 Week,News / Business,Organic Placement,Asia pacific
https://www.entertainmentpaper.com/,NASDAQ,"$4,500",91,4 Weeks,News / Business / Tech / Crypto ,Organic Placement,Global
https://www.entertainmentpaper.com/,BuzzFeed,"$4,500",93,1 Week,Entertainment / Movies & TV ,Organic Placement,Global
https://www.entertainmentpaper.com/,Arabian Business ,"$4,500",84,1 Week,News / Health / Tech / Business,Sponsored article,Middle East 
https://www.entertainmentpaper.com/,Daily Express,"$4,500",93,2 Weeks,News / Sports / Travel / Lifestyle / Business / Tech / Health / Entertainment,Organic Placement,UK
https://www.entertainmentpaper.com/,Daily Star,"$4,500",93,2 Weeks,News / Sports / Travel / Lifestyle / Business / Tech / Health / Entertainment,Organic Placement,UK
https://www.entertainmentpaper.com/,Palm Beach Post,"$4,500",84,2 Weeks,News / Entertainment / Sports / Lifestyle / Business,Sponsored article,US
https://www.entertainmentpaper.com/,Consequence Magazine  (STAFF),"$5,000",79,3 Weeks,Music / News,Organic Placement,Global 
https://www.entertainmentpaper.com/,Benzinga (STAFF),"$5,000",87,1 Week,News / Business / Cypto / Tech / CBD,Organic Placement,Global 
https://www.entertainmentpaper.com/,Smithsonian,"$5,000",92,3 Weeks,News / Science,Organic with small disclaimer,Global 
https://www.entertainmentpaper.com/,The Sun,"$5,000",94,2 Weeks,News / Sports / Travel / Lifestyle / Business / Tech / Health / Entertainment,Organic Placement,UK
https://www.entertainmentpaper.com/,Rolling Stone (Pitch),"$5,500",92,4 Weeks,Music / Movies & TV ,Organic Placement,Global 
https://www.entertainmentpaper.com/,High Times ,"$5,500",78,1 Week,CBD ,Sponsored article,Global 
https://www.entertainmentpaper.com/,Metro,"$5,500",93,1 Week,News / Sports / Travel / Lifestyle / Business / Tech / Health / Entertainment,Organic Placement,UK
https://www.entertainmentpaper.com/,Mirror,"$5,500",93,2 Weeks,News / Sports / Travel / Lifestyle / Business / Tech / Health / Entertainment,Organic Placement,UK
https://www.entertainmentpaper.com/,Daily Mail,"$5,500",94,4 Weeks,News / Sports / Travel / Lifestyle / Business / Tech / Health / Entertainment,Organic Placement,UK
https://www.entertainmentpaper.com/,The Californian,"$5,500",66,3 Weeks,News / Sports,Sponsored article,US
https://www.entertainmentpaper.com/,The Desert Sun,"$5,500",76,3 Weeks,News / Business / Real Estate / Sports,Sponsored article,US
https://www.entertainmentpaper.com/,Caller Times,"$5,500",77,3 Weeks,News / Business / Real Estate / Sports,Sponsored article,US
https://www.entertainmentpaper.com/,The Journal News,"$5,500",80,3 Weeks,News / Business,Sponsored article,US
https://www.entertainmentpaper.com/,Detriot Free Press,"$5,500",89,4 Weeks,News / Sports / Entertainment,Sponsored article,US
https://www.entertainmentpaper.com/,Arizona Central,"$5,500",90,4 Weeks,News / Business / Sports,Sponsored article,US
https://www.entertainmentpaper.com/,USA Today Full Feature ,"$5,500",94,2 Weeks,News / Business / Entertainment / Tech,Sponsored article,US
https://www.entertainmentpaper.com/,Sourcing Journal,"$6,000",73,1 Week,News / Business / Lifestyle / Tech ,Organic Placement,Global
https://www.entertainmentpaper.com/,Foot Wear News,"$6,000",84,1 Week,Fashion,Organic Placement,Global
https://www.entertainmentpaper.com/,Bitcoin.com,"$6,000",88,1 Week,Crypto ,Organic with small disclaimer,Global
https://www.entertainmentpaper.com/,Los Angeles Times,"$7,500",93,2 Weeks,News / Sports / Travel / Lifestyle / Business / Tech / Health / Entertainment,Sponsored article,US
https://www.entertainmentpaper.com/,The Real Deal,"$8,000",81,2 Weeks,Real Estate / Business,Organic with small disclaimer,Global
https://www.entertainmentpaper.com/,NY Post,"$9,000",93,4 Weeks ,News / Sports / Travel / Lifestyle / Business / Tech / Health / Entertainment,Organic Placement,US
https://www.entertainmentpaper.com/,WWD,"$10,000",88,1 Week,Fashion / Luxury / Lifestyle / Business / Luxury,Organic Placement,Global
https://www.entertainmentpaper.com/,OK! Magazine + Social Post,"$10,000",81,2 Weeks,Entertainment / Movies & TV  / Lifestyle,Organic Placement,UK
https://www.entertainmentpaper.com/,Style Caster,"$12,000",77,3 Weeks,Fashion / Luxury / Lifestyle /Luxury,Organic with small disclaimer,Global
https://www.entertainmentpaper.com/,She Knows,"$12,000",86,3 Weeks,Fashion / Luxury / Lifestyle / Health /Luxury,Organic with small disclaimer,Global
https://www.entertainmentpaper.com/,Hypemoon,"$12,500",22,2 Weeks,Crypto ,Organic Placement,Global
https://www.entertainmentpaper.com/,Hypebae,"$12,500",78,1-2 Weeks,Fashion / Music / Entertainment / Luxury,Organic Placement,Global
https://www.entertainmentpaper.com/,Hypebeast,"$12,500",87,2 Weeks,News / Sports / Fashion / Lifestyle / Business / Tech / Music / Entertainment / Luxury,Organic Placement,Global
https://www.entertainmentpaper.com/,Parade,"$12,500",87,3 Weeks,Travel / Entertainment / Lifestyle / Luxury,Organic Placement,Global
https://www.entertainmentpaper.com/,Hello Magazine,"$12,500",91,3 Weeks,Fashion / Entertainment / Lifestyle / Movies & TV / Luxury,Organic with small disclaimer,Global
https://www.entertainmentpaper.com/,Venture Beat,"$12,500",92,3 Weeks,Tech / Business,Sponsored article,Global
https://www.entertainmentpaper.com/,US Weekly,"$12,500",89,8 Weeks,Lifestyle / Entertainment / Luxury,Organic with small disclaimer,US
https://www.entertainmentpaper.com/,Vogue ,"$15,000",89,8 Weeks,Fashion / Lifestyle / Luxury,Organic Placement,Global
https://www.entertainmentpaper.com/,Billboard.com (STAFF),"$15,000",92,2 Weeks,Music / Business ,Organic Placement,Global
https://www.entertainmentpaper.com/,The Hollywood Reporter,"$15,000",92,1-2 Weeks,News / Movies & TV  / Lifestyle / Business / Luxury,Organic with small disclaimer,US
https://www.entertainmentpaper.com/,Coin Telegraph,"$16,500",88,2 Weeks,Crypto,Organic with small disclaimer,Global
https://www.entertainmentpaper.com/,Radar Online + Social Post,"$18,000",81,2 Weeks,Entertainment / News / Movies & TV ,Organic Placement,Global
https://www.entertainmentpaper.com/,Coindesk,"$20,000",90,2 Weeks,Tech / Crypto,Sponsored article,Global
https://www.entertainmentpaper.com/,Variety 400.000 GUARANTEED IMPRESSIONS,"$25,000",93,1 Week,News / Tech / Lifestyle / Movies & TV  / Music,Organic with small disclaimer,Global
https://www.entertainmentpaper.com/,Grazia Magazine + Social Post,"$35,000",71,2 Weeks,Entertainment / Fashion / Luxury,Organic Placement,Global
https://www.entertainmentpaper.com/,Men's Health,"$40,000",86,4 Weeks,Lifestyle / Health / Entertainment / Luxury,Organic with small disclaimer,Global
https://www.entertainmentpaper.com/,Cosmopolitan ,"$40,000",91,4 Weeks,Fashion / Entertainment / Lifestyle / Luxury,Organic with small disclaimer,Global / US
https://www.entertainmentpaper.com/,Elle,"$40,000",91,4 Weeks,Fashion / Entertainment / Lifestyle / Luxury,Organic with small disclaimer,Global / US
https://www.entertainmentpaper.com/,Forbes,ASK,55,2 Weeks,News / Business / Luxury,Sponsored article,Africa
https://www.entertainmentpaper.com/,Forbes,ASK,37,3 Weeks,News / Business / Luxury,Organic Placement,Australia
https://www.entertainmentpaper.com/,Forbes,ASK,57,1 Week,News / Business / Luxury,Organic Placement,Brunei
https://www.entertainmentpaper.com/,Forbes,ASK,60,2 Weeks,News / Business / Luxury,Organic with small disclaimer,Colombia
https://www.entertainmentpaper.com/,Forbes,ASK,78,2 Weeks,News / Business / Luxury,Sponsored article,France
https://www.entertainmentpaper.com/,GQ Magazine (USA),ASK,89,8 Weeks,Fashion / Entertainment / Lifestyle / Luxury,Organic Placement,Global
https://www.entertainmentpaper.com/,Tech Crunch Mention,ASK,93,8 Weeks,Business / News / Tech,Organic Placement,Global
https://www.entertainmentpaper.com/,Tech Crunch sponsored + 1 Social Post,ASK,93,5 Weeks,Business / News / Tech,Sponsored article,Global
https://www.entertainmentpaper.com/,Forbes,ASK,53,2 Weeks,News / Business / Luxury,Sponsored article,Italy
https://www.entertainmentpaper.com/,Forbes,ASK,88,2 Weeks,News / Business / Luxury,Organic with small disclaimer,Mexico
https://www.entertainmentpaper.com/,Forbes,ASK,72,4 Weeks,News / Business / Luxury,Organic Placement,Middle East
https://www.entertainmentpaper.com/,Forbes,ASK,68,2 Weeks,News / Business / Luxury,Sponsored article,Spain
https://www.entertainmentpaper.com/,BBC,ASK,94,2 Weeks,News / Sports / Travel / Lifestyle / Business / Tech / Health / Entertainment,Organic Placement,UK
https://www.entertainmentpaper.com/,Forbes,ASK,95,8 Weeks,News / Business / Luxury,Organic Placement,US
https://www.entertainmentpaper.com/,Forbes Mention ,ASK,95,8 Weeks,News / Business / Luxury,Organic Placement,US
